<?xml version="1.0" encoding="UTF-8"?>
<project-private xmlns="http://www.netbeans.org/ns/project-private/1">
    <editor-bookmarks xmlns="http://www.netbeans.org/ns/editor-bookmarks/2" lastBookmarkId="0"/>
    <open-files xmlns="http://www.netbeans.org/ns/projectui-open-files/2">
        <group>
            <file>file:/D:/SE3/Lab211/week_4/J1.L.P0025/src/service/OnlySpaceBetweenMarkNormalizer.java</file>
            <file>file:/D:/SE3/Lab211/week_4/J1.L.P0025/src/service/UppercaseFirstCharOfSentenceNormalizer.java</file>
            <file>file:/D:/SE3/Lab211/week_4/J1.L.P0025/src/service/NoSpaceInQuoteNormalizer.java</file>
            <file>file:/D:/SE3/Lab211/week_4/J1.L.P0025/src/controller/J1LP0025.java</file>
            <file>file:/D:/SE3/Lab211/week_4/J1.L.P0025/src/model/INormalizable.java</file>
            <file>file:/D:/SE3/Lab211/week_4/J1.L.P0025/src/model/TextNormalizer.java</file>
            <file>file:/D:/SE3/Lab211/week_4/J1.L.P0025/src/service/DotAtTheEndNormalizer.java</file>
            <file>file:/D:/SE3/Lab211/week_4/J1.L.P0025/src/service/OnlySpaceAfterMarkNormalizer.java</file>
            <file>file:/D:/SE3/Lab211/week_4/J1.L.P0025/src/service/OnlySpaceBetweenWordsNormalizer.java</file>
        </group>
    </open-files>
</project-private>
