<?xml version="1.0" encoding="UTF-8"?>
<project-private xmlns="http://www.netbeans.org/ns/project-private/1">
    <editor-bookmarks xmlns="http://www.netbeans.org/ns/editor-bookmarks/2" lastBookmarkId="0"/>
    <open-files xmlns="http://www.netbeans.org/ns/projectui-open-files/2">
        <group>
            <file>file:/D:/SE3/Lab211/week_3/J1.L.P0023/src/controller/ShoppingController.java</file>
            <file>file:/D:/SE3/Lab211/week_3/J1.L.P0023/src/model/Fruit.java</file>
            <file>file:/D:/SE3/Lab211/week_3/J1.L.P0023/src/view/ShoppingView.java</file>
            <file>file:/D:/SE3/Lab211/week_3/J1.L.P0023/src/model/ShoppingCart.java</file>
            <file>file:/D:/SE3/Lab211/week_3/J1.L.P0023/src/model/ShoppingService.java</file>
        </group>
    </open-files>
</project-private>
