<?xml version="1.0" encoding="UTF-8"?>
<project-private xmlns="http://www.netbeans.org/ns/project-private/1">
    <editor-bookmarks xmlns="http://www.netbeans.org/ns/editor-bookmarks/2" lastBookmarkId="0"/>
    <open-files xmlns="http://www.netbeans.org/ns/projectui-open-files/2">
        <group>
            <file>file:/D:/SE3/Lab211/week_4/J1.S.P0052/src/model/Country.java</file>
            <file>file:/D:/SE3/Lab211/week_4/J1.S.P0052/src/model/Menu.java</file>
            <file>file:/D:/SE3/Lab211/week_4/J1.S.P0052/src/view/CountryView.java</file>
            <file>file:/D:/SE3/Lab211/week_4/J1.S.P0052/src/model/EastAsiaCountry.java</file>
            <file>file:/D:/SE3/Lab211/week_4/J1.S.P0052/src/view/HomeMenu.java</file>
            <file>file:/D:/SE3/Lab211/week_4/J1.S.P0052/src/model/CountryService.java</file>
        </group>
    </open-files>
</project-private>
