<?xml version="1.0" encoding="UTF-8"?>
<project-private xmlns="http://www.netbeans.org/ns/project-private/1">
    <editor-bookmarks xmlns="http://www.netbeans.org/ns/editor-bookmarks/2" lastBookmarkId="0"/>
    <open-files xmlns="http://www.netbeans.org/ns/projectui-open-files/2">
        <group>
            <file>file:/D:/SE3/Lab211/week_6/J1.S.P0059/src/controller/J1SP0059.java</file>
            <file>file:/D:/SE3/Lab211/week_6/J1.S.P0059/src/model/PersonService.java</file>
            <file>file:/D:/SE3/Lab211/week_6/J1.S.P0059/src/view/HomeView.java</file>
        </group>
    </open-files>
</project-private>
