<?xml version="1.0" encoding="UTF-8"?>
<project-private xmlns="http://www.netbeans.org/ns/project-private/1">
    <editor-bookmarks xmlns="http://www.netbeans.org/ns/editor-bookmarks/2" lastBookmarkId="0"/>
    <open-files xmlns="http://www.netbeans.org/ns/projectui-open-files/2">
        <group>
            <file>file:/D:/se3/Lab211/week_1/week_1/src/view/HomeMenu.java</file>
            <file>file:/D:/se3/Lab211/week_1/week_1/src/service/QuickSortService.java</file>
            <file>file:/D:/se3/Lab211/week_1/week_1/src/model/Util.java</file>
            <file>file:/D:/se3/Lab211/week_1/week_1/src/model/Menu.java</file>
            <file>file:/D:/se3/Lab211/week_1/week_1/src/controller/SortController.java</file>
            <file>file:/D:/se3/Lab211/week_1/week_1/src/controller/Week_1.java</file>
            <file>file:/D:/se3/Lab211/week_1/week_1/src/service/BubbleSortService.java</file>
        </group>
    </open-files>
</project-private>
