<?xml version="1.0" encoding="UTF-8"?>
<project-private xmlns="http://www.netbeans.org/ns/project-private/1">
    <editor-bookmarks xmlns="http://www.netbeans.org/ns/editor-bookmarks/2" lastBookmarkId="0"/>
    <open-files xmlns="http://www.netbeans.org/ns/projectui-open-files/2">
        <group>
            <file>file:/D:/SE3/Lab211/week_5/J1.S.P0055/src/model/DoctorService.java</file>
            <file>file:/D:/SE3/Lab211/week_5/J1.S.P0055/src/view/HomeView.java</file>
            <file>file:/D:/SE3/Lab211/week_5/J1.S.P0055/src/model/Doctor.java</file>
            <file>file:/D:/SE3/Lab211/week_5/J1.S.P0055/src/controller/DoctorController.java</file>
        </group>
    </open-files>
</project-private>
