<?xml version="1.0" encoding="UTF-8"?>
<project-private xmlns="http://www.netbeans.org/ns/project-private/1">
    <editor-bookmarks xmlns="http://www.netbeans.org/ns/editor-bookmarks/2" lastBookmarkId="0"/>
    <open-files xmlns="http://www.netbeans.org/ns/projectui-open-files/2">
        <group>
            <file>file:/D:/se3/Lab211/week_2/J1.L.P0022/src/model/Fresher.java</file>
            <file>file:/D:/se3/Lab211/week_2/J1.L.P0022/src/model/CandidateService.java</file>
            <file>file:/D:/se3/Lab211/week_2/J1.L.P0022/src/model/Experience.java</file>
            <file>file:/D:/se3/Lab211/week_2/J1.L.P0022/src/model/Intern.java</file>
            <file>file:/D:/se3/Lab211/week_2/J1.L.P0022/src/Util/ValidationUtil.java</file>
            <file>file:/D:/se3/Lab211/week_2/J1.L.P0022/src/controller/CandidateController.java</file>
            <file>file:/D:/se3/Lab211/week_2/J1.L.P0022/src/model/Candidate.java</file>
            <file>file:/D:/se3/Lab211/week_2/J1.L.P0022/src/controller/J1LP0022.java</file>
        </group>
    </open-files>
</project-private>
