<?xml version="1.0" encoding="UTF-8"?>
<project-private xmlns="http://www.netbeans.org/ns/project-private/1">
    <editor-bookmarks xmlns="http://www.netbeans.org/ns/editor-bookmarks/2" lastBookmarkId="0"/>
    <open-files xmlns="http://www.netbeans.org/ns/projectui-open-files/2">
        <group>
            <file>file:/C:/Users/NHAT%20TRUONG/OneDrive/Máy%20tính/Semeste_3_FPT/LAB211/Week_4/CodeLor/Equation/src/view/HomeView.java</file>
            <file>file:/C:/Users/NHAT%20TRUONG/OneDrive/Máy%20tính/Semeste_3_FPT/LAB211/Week_4/CodeLor/Equation/src/model/QuadraticEquation.java</file>
            <file>file:/C:/Users/NHAT%20TRUONG/OneDrive/Máy%20tính/Semeste_3_FPT/LAB211/Week_4/CodeLor/Equation/src/model/AbstractEquation.java</file>
            <file>file:/C:/Users/NHAT%20TRUONG/OneDrive/Máy%20tính/Semeste_3_FPT/LAB211/Week_4/CodeLor/Equation/src/model/SuperlativeEquation.java</file>
            <file>file:/C:/Users/NHAT%20TRUONG/OneDrive/Máy%20tính/Semeste_3_FPT/LAB211/Week_4/CodeLor/Equation/src/view/Menu.java</file>
            <file>file:/C:/Users/NHAT%20TRUONG/OneDrive/Máy%20tính/Semeste_3_FPT/LAB211/Week_4/CodeLor/Equation/src/Util/ValidationUtil.java</file>
            <file>file:/C:/Users/NHAT%20TRUONG/OneDrive/Máy%20tính/Semeste_3_FPT/LAB211/Week_4/CodeLor/Equation/src/controller/HomeController.java</file>
        </group>
    </open-files>
</project-private>
