<?xml version="1.0" encoding="UTF-8"?>
<project-private xmlns="http://www.netbeans.org/ns/project-private/1">
    <editor-bookmarks xmlns="http://www.netbeans.org/ns/editor-bookmarks/2" lastBookmarkId="0"/>
    <open-files xmlns="http://www.netbeans.org/ns/projectui-open-files/2">
        <group>
            <file>file:/D:/SE3/Lab211/week_3/J1.L.P0021/src/model/Course.java</file>
            <file>file:/D:/SE3/Lab211/week_3/J1.L.P0021/src/model/Student.java</file>
            <file>file:/D:/SE3/Lab211/week_3/J1.L.P0021/src/model/StudentService.java</file>
            <file>file:/D:/SE3/Lab211/week_3/J1.L.P0021/src/controller/J1LP0021.java</file>
            <file>file:/D:/SE3/Lab211/week_3/J1.L.P0021/src/controller/StudentController.java</file>
            <file>file:/D:/SE3/Lab211/week_3/J1.L.P0021/src/view/StudentView.java</file>
            <file>file:/D:/SE3/Lab211/week_3/J1.L.P0021/src/Util/ValidationUtil.java</file>
        </group>
    </open-files>
</project-private>
