<?xml version="1.0" encoding="UTF-8"?>
<project-private xmlns="http://www.netbeans.org/ns/project-private/1">
    <editor-bookmarks xmlns="http://www.netbeans.org/ns/editor-bookmarks/2" lastBookmarkId="0"/>
    <open-files xmlns="http://www.netbeans.org/ns/projectui-open-files/2">
        <group>
            <file>file:/D:/SE3/Lab211/week_5/J1.S.P0054/src/model/ContactService.java</file>
            <file>file:/D:/SE3/Lab211/week_5/J1.S.P0054/src/controller/ContactController.java</file>
            <file>file:/D:/SE3/Lab211/week_5/J1.S.P0054/src/controller/ContactManagement.java</file>
            <file>file:/D:/SE3/Lab211/week_5/J1.S.P0054/src/model/Contact.java</file>
            <file>file:/D:/SE3/Lab211/week_5/J1.S.P0054/src/util/ValidationUtil.java</file>
            <file>file:/D:/SE3/Lab211/week_5/J1.S.P0054/src/view/HomeView.java</file>
            <file>file:/D:/SE3/Lab211/week_5/J1.S.P0054/src/model/Menu.java</file>
        </group>
    </open-files>
</project-private>
